-- Departments
INSERT INTO com_viscap_hrms_Departments (ID, code, name) VALUES
  ('d1000000-0000-0000-0000-000000000001', 'IT', 'Information Technology'),
  ('d1000000-0000-0000-0000-000000000002', 'HR', 'Human Resources'),
  ('d1000000-0000-0000-0000-000000000003', 'FIN', 'Finance'),
  ('d1000000-0000-0000-0000-000000000004', 'OPS', 'Operations'),
  ('d1000000-0000-0000-0000-000000000005', 'SALES', 'Sales & Marketing');

-- Employees
INSERT INTO com_viscap_hrms_Employees (ID, empCode, firstName, lastName, fullName, email, phone, department_ID, designation, dateOfJoining, gender, status) VALUES
  ('e1000000-0000-0000-0000-000000000001', '240', 'Jayesh', 'Patel', 'Jayesh Patel', 'jayesh.patel@viscap.in', '9876543210', 'd1000000-0000-0000-0000-000000000001', 'Software Engineer', '2022-04-01', 'Male', 'Active'),
  ('e1000000-0000-0000-0000-000000000002', '241', 'Priya', 'Shah', 'Priya Shah', 'priya.shah@viscap.in', '9876543211', 'd1000000-0000-0000-0000-000000000002', 'HR Manager', '2021-06-15', 'Female', 'Active'),
  ('e1000000-0000-0000-0000-000000000003', '242', 'Rahul', 'Mehta', 'Rahul Mehta', 'rahul.mehta@viscap.in', '9876543212', 'd1000000-0000-0000-0000-000000000003', 'Finance Analyst', '2020-08-01', 'Male', 'Active'),
  ('e1000000-0000-0000-0000-000000000004', '243', 'Sneha', 'Desai', 'Sneha Desai', 'sneha.desai@viscap.in', '9876543213', 'd1000000-0000-0000-0000-000000000004', 'Operations Lead', '2019-01-10', 'Female', 'Active'),
  ('e1000000-0000-0000-0000-000000000005', '244', 'Amit', 'Kumar', 'Amit Kumar', 'amit.kumar@viscap.in', '9876543214', 'd1000000-0000-0000-0000-000000000005', 'Sales Executive', '2023-02-01', 'Male', 'Active');

-- Leave Types
INSERT INTO com_viscap_hrms_LeaveTypes (ID, code, name, maxDays, isPaid, carryForward, color) VALUES
  ('l1000000-0000-0000-0000-000000000001', 'CL', 'Casual Leave', 12, 1, 0, '#0070F2'),
  ('l1000000-0000-0000-0000-000000000002', 'SL', 'Sick Leave', 10, 1, 0, '#E9730C'),
  ('l1000000-0000-0000-0000-000000000003', 'PL', 'Privilege Leave', 15, 1, 1, '#188918'),
  ('l1000000-0000-0000-0000-000000000004', 'ML', 'Maternity Leave', 180, 1, 0, '#C0399F'),
  ('l1000000-0000-0000-0000-000000000005', 'LWP', 'Leave Without Pay', 0, 0, 0, '#BB0000');

-- Leave Balances for Employee 240
INSERT INTO com_viscap_hrms_LeaveBalances (ID, employee_ID, leaveType_ID, year, entitled, taken, pending, balance) VALUES
  ('lb000000-0000-0000-0001-000000000001', 'e1000000-0000-0000-0000-000000000001', 'l1000000-0000-0000-0000-000000000001', 2026, 12, 2, 1, 9),
  ('lb000000-0000-0000-0001-000000000002', 'e1000000-0000-0000-0000-000000000001', 'l1000000-0000-0000-0000-000000000002', 2026, 10, 0, 0, 10),
  ('lb000000-0000-0000-0001-000000000003', 'e1000000-0000-0000-0000-000000000001', 'l1000000-0000-0000-0000-000000000003', 2026, 15, 3, 0, 12);

-- Leave Requests
INSERT INTO com_viscap_hrms_LeaveRequests (ID, requestNo, employee_ID, leaveType_ID, fromDate, toDate, days, reason, status, appliedOn) VALUES
  ('lr000000-0000-0000-0000-000000000001', 'LR-2026-0001', 'e1000000-0000-0000-0000-000000000001', 'l1000000-0000-0000-0000-000000000001', '2026-03-10', '2026-03-11', 2, 'Personal work', 'Approved', '2026-03-05T10:00:00Z'),
  ('lr000000-0000-0000-0000-000000000002', 'LR-2026-0002', 'e1000000-0000-0000-0000-000000000001', 'l1000000-0000-0000-0000-000000000001', '2026-03-25', '2026-03-25', 1, 'Family function', 'Pending', '2026-03-15T09:00:00Z'),
  ('lr000000-0000-0000-0000-000000000003', 'LR-2026-0003', 'e1000000-0000-0000-0000-000000000001', 'l1000000-0000-0000-0000-000000000002', '2026-02-20', '2026-02-21', 2, 'Not feeling well', 'Approved', '2026-02-19T08:00:00Z');

-- Attendances (March 2026)
INSERT INTO com_viscap_hrms_Attendances (ID, employee_ID, date, inTime, outTime, workHours, status) VALUES
  ('at000000-0000-0000-0001-000000000001', 'e1000000-0000-0000-0000-000000000001', '2026-03-02', '09:05:00', '18:10:00', 9.08, 'Present'),
  ('at000000-0000-0000-0001-000000000002', 'e1000000-0000-0000-0000-000000000001', '2026-03-03', '09:00:00', '18:00:00', 9.00, 'Present'),
  ('at000000-0000-0000-0001-000000000003', 'e1000000-0000-0000-0000-000000000001', '2026-03-04', '09:15:00', '18:30:00', 9.25, 'Present'),
  ('at000000-0000-0000-0001-000000000004', 'e1000000-0000-0000-0000-000000000001', '2026-03-05', '09:00:00', '18:00:00', 9.00, 'Present'),
  ('at000000-0000-0000-0001-000000000005', 'e1000000-0000-0000-0000-000000000001', '2026-03-06', '09:30:00', '18:15:00', 8.75, 'Present'),
  ('at000000-0000-0000-0001-000000000006', 'e1000000-0000-0000-0000-000000000001', '2026-03-09', '09:00:00', '18:00:00', 9.00, 'Present'),
  ('at000000-0000-0000-0001-000000000007', 'e1000000-0000-0000-0000-000000000001', '2026-03-10', null, null, 0, 'Leave'),
  ('at000000-0000-0000-0001-000000000008', 'e1000000-0000-0000-0000-000000000001', '2026-03-11', null, null, 0, 'Leave'),
  ('at000000-0000-0000-0001-000000000009', 'e1000000-0000-0000-0000-000000000001', '2026-03-12', '09:00:00', '18:30:00', 9.50, 'Present'),
  ('at000000-0000-0000-0001-000000000010', 'e1000000-0000-0000-0000-000000000001', '2026-03-13', '09:05:00', '18:05:00', 9.00, 'Present'),
  ('at000000-0000-0000-0001-000000000011', 'e1000000-0000-0000-0000-000000000001', '2026-03-14', '09:00:00', '18:00:00', 9.00, 'Present'),
  ('at000000-0000-0000-0001-000000000016', 'e1000000-0000-0000-0000-000000000001', '2026-03-16', '09:10:00', null, 0, 'Present');

-- Holidays
INSERT INTO com_viscap_hrms_Holidays (ID, date, name, type, year) VALUES
  ('h1000000-0000-0000-0000-000000000001', '2026-01-26', 'Republic Day', 'National', 2026),
  ('h1000000-0000-0000-0000-000000000002', '2026-03-29', 'Holi', 'Festival', 2026),
  ('h1000000-0000-0000-0000-000000000003', '2026-04-14', 'Ambedkar Jayanti', 'National', 2026),
  ('h1000000-0000-0000-0000-000000000004', '2026-08-15', 'Independence Day', 'National', 2026),
  ('h1000000-0000-0000-0000-000000000005', '2026-10-02', 'Gandhi Jayanti', 'National', 2026),
  ('h1000000-0000-0000-0000-000000000006', '2026-10-20', 'Diwali', 'Festival', 2026),
  ('h1000000-0000-0000-0000-000000000007', '2026-12-25', 'Christmas', 'Festival', 2026);

-- Payslips
INSERT INTO com_viscap_hrms_Payslips (ID, employee_ID, month, year, basicSalary, hra, da, otherAllowances, grossSalary, pf, esic, tds, otherDeductions, netSalary, status, paidOn) VALUES
  ('ps000000-0000-0000-0001-000000000001', 'e1000000-0000-0000-0000-000000000001', 2, 2026, 35000, 14000, 3500, 5000, 57500, 4200, 0, 2500, 500, 50300, 'Paid', '2026-03-01'),
  ('ps000000-0000-0000-0001-000000000002', 'e1000000-0000-0000-0000-000000000001', 1, 2026, 35000, 14000, 3500, 5000, 57500, 4200, 0, 2500, 500, 50300, 'Paid', '2026-02-01'),
  ('ps000000-0000-0000-0001-000000000003', 'e1000000-0000-0000-0000-000000000001', 12, 2025, 33000, 13200, 3300, 4500, 54000, 3960, 0, 2200, 500, 47340, 'Paid', '2026-01-01');
